[{
		"time": 0,
		"commands": [{
				"id": 1,
				"method": "REMOVED_device.set.oc_profile",
				"params": ["0", "-250", "1300", "231", "80"]
			}]
	}, {
		"time": 10,
		"commands": [{
				"id": 1,
				"method": "workers.reset.all",
				"params": []
			}]
	}, {
		"time": 15,
		"loop": 15,
		"commands": [{
				"id": 1,
				"method": "worker.print.efficiencies",
				"params": []
			}, {
				"id": 1,
				"method": "workers.reset.all",
				"params": []
			}]
	}, {
		"event": "on_quit",
		"commands": []
	}]